keyword,rank,title,host,url,result_type,note,measured_on
sprite sheet maker,1,Sprite Sheet Maker,www.finalparsec.com,https://www.finalparsec.com/tools/sprite_sheet_maker,natural,"top block of the results page",2026-09-15
sprite sheet maker,2,Spritesheet Generator - Create Game Sprite Sheets Online,spritesheetgenerator.online,https://spritesheetgenerator.online/,natural,,2026-09-15
sprite sheet maker,3,Sprite Sheet Maker & Generator — Create Sprites Instantly,spritesheetmaker.com,https://spritesheetmaker.com/,natural,,2026-09-15
sprite sheet maker,4,Free Sprite Sheet Packer & Generator,www.codeandweb.com,https://www.codeandweb.com/free-sprite-sheet-packer,natural,,2026-09-15
sprite sheet maker,5,Piskel - Free online sprite editor,www.piskelapp.com,https://www.piskelapp.com/,natural,,2026-09-15
sprite sheet maker,6,PixelLab - AI Generator for Pixel Art Game Assets,www.pixellab.ai,https://www.pixellab.ai/,natural,,2026-09-15
sprite sheet maker,7,Images to Sprite Sheet Generator - Texture Atlas Maker,codeshack.io,https://codeshack.io/images-sprite-sheet-generator/,natural,,2026-09-15
sprite sheet maker,8,The Spriters Toolkit,tools.spriters-resource.com,https://tools.spriters-resource.com/,natural,,2026-09-15
sprite sheet maker,9,AI Sprite Sheet Generator - AI Tool,layer.ai,https://layer.ai/tools/layer--generate-a-sprite-sheet,natural,,2026-09-15
sprite sheet maker,10,Tool to create sprite sheets : r/gamedev,www.reddit.com,https://www.reddit.com/r/gamedev/comments/126lek8/tool_to_create_sprite_sheets/,natural,,2026-09-15
texture packer,1,TexturePacker - Create Sprite Sheets for your game!,www.codeandweb.com,https://www.codeandweb.com/texturepacker,natural,"top block of the results page",2026-09-15
texture packer,2,Texture Packer Maker - Apps on Google Play,play.google.com,https://play.google.com/store/apps/details,module,"app pack block, not a web page result - excluded from the natural count",2026-09-15
texture packer,3,Download TexturePacker Free Trial - Windows Mac Linux,www.codeandweb.com,https://www.codeandweb.com/texturepacker/download,natural,,2026-09-15
texture packer,4,TexturePacker Online (free) - by CodeAndWeb,www.codeandweb.com,https://www.codeandweb.com/tp-online,natural,,2026-09-15
texture packer,5,TexturePacker and Unity - Sprite sheets and normal maps,www.codeandweb.com,https://www.codeandweb.com/texturepacker/for-unity,natural,,2026-09-15
texture packer,6,Texture packer,libgdx.com,https://libgdx.com/wiki/tools/texture-packer,natural,,2026-09-15
texture packer,7,benbaker76/TexturePacker,github.com,https://github.com/benbaker76/TexturePacker,natural,,2026-09-15
texture packer,8,I just released a free alternative to Texture Packer on itch.io,www.reddit.com,https://www.reddit.com/r/gamedev/comments/1027zx0/i_just_released_a_free_alternative_to_texture/,natural,,2026-09-15
texture packer,9,Texture Packer | Sprite Management,assetstore.unity.com,https://assetstore.unity.com/packages/tools/sprite-management/texture-packer-264773,natural,,2026-09-15
texture packer,10,Online Texture Packer | Create Sprite sheet free for your game,www.toolbuddy.io,https://www.toolbuddy.io/texturepacker,natural,,2026-09-15
